{
  "project_info": {
    "project_number": "895019520108",
    "firebase_url": "https://pedidos-c365b.firebaseio.com",
    "project_id": "pedidos-c365b",
    "storage_bucket": "pedidos-c365b.appspot.com"
  },
  "client": [
    {
      "client_info": {
        "mobilesdk_app_id": "1:895019520108:android:d5a6bcee4efd5f2bd18849",
        "android_client_info": {
          "package_name": "com.example.pedidolanche"
        }
      },
      "oauth_client": [
        {
          "client_id": "895019520108-aml17i36grpvuh8bmeank6b30ci8i08m.apps.googleusercontent.com",
          "client_type": 1,
          "android_info": {
            "package_name": "com.example.pedidolanche",
            "certificate_hash": "2b51365b8147a7b8befb4f6ae0070d09e1fe3675"
          }
        },
        {
          "client_id": "895019520108-jfjflbhq0cf8aop6b48gdjudogdr3sv1.apps.googleusercontent.com",
          "client_type": 3
        }
      ],
      "api_key": [
        {
          "current_key": "AIzaSyDfIJ4m13gegTAhHVg2clbiRgfuAdRH2T4"
        }
      ],
      "services": {
        "appinvite_service": {
          "other_platform_oauth_client": [
            {
              "client_id": "895019520108-jfjflbhq0cf8aop6b48gdjudogdr3sv1.apps.googleusercontent.com",
              "client_type": 3
            }
          ]
        }
      }
    }
  ],
  "configuration_version": "1"
}